<?xml version="1.0" encoding="UTF-8"?>
<beans xmlns="http://www.springframework.org/schema/beans"
	xmlns:xsi="http://www.w3.org/2001/XMLSchema-instance"
	xsi:schemaLocation="
http://www.springframework.org/schema/beans http://www.springframework.org/schema/beans/spring-beans.xsd">

	<bean id="twitterService" class="com.javadevsguide.springframework.service.TwitterService"></bean>
	
	<bean id="smsService" class="com.javadevsguide.springframework.service.SMSService"></bean>
	
	<bean id="emailService" class="com.javadevsguide.springframework.service.EmailService"></bean>
	
	<bean id="messageProcessor" class="com.javadevsguide.springframework.service.MessageProcessorImpl">
		<property name="messageService" ref="smsService"></property>
	</bean>
</beans>